SNP,Chromosome,Position ,P.value,maf,nobs,Rsquare.of.Model.without.SNP,Rsquare.of.Model.with.SNP,FDR_Adjusted_P-values,effect
Chr6_118903880,6,118903880,5.46293946134654e-21,0.0125786163522013,318,NA,NA,2.57969342511477e-14,1782732.48357067
Chr1_226937661,1,226937661,1.01552697946572e-20,0.498427672955975,318,NA,NA,2.57969342511477e-14,6993699.38002086
Chr6_86182989,6,86182989,2.04181128694998e-12,0.0157232704402516,318,NA,NA,3.45780877565731e-06,1180970.04463648
Chr4_63877298,4,63877298,6.95510743386558e-12,0.0125786163522013,318,NA,NA,8.83385930699224e-06,1253936.52851751
Chr9_63830213,9,63830213,2.41652870252547e-11,0.00943396226415094,318,NA,NA,2.45543578124761e-05,1120748.53949854
Chr5_221864955,5,221864955,1.10439828138855e-10,0.0251572327044025,318,NA,NA,9.35149612898514e-05,886111.0750737
Chr2_10986430,2,10986430,8.89893427298787e-10,0.154088050314465,318,NA,NA,0.000645872191025477,-386644.672223296
Chr6_36772147,6,36772147,1.81989205792553e-08,0.089622641509434,318,NA,NA,0.0115574565500935,-379910.19932662
Chr9_52974893,9,52974893,5.19697744377725e-08,0.0880503144654088,318,NA,NA,0.0293369492189613,402561.013869971
Chr5_198550586,5,198550586,7.5110097611037e-08,0.0786163522012579,318,NA,NA,0.0366253926591939,288971.879676641
Chr5_106650622,5,106650622,7.92991163572286e-08,0.029874213836478,318,NA,NA,0.0366253926591939,635511.236964808
Chr3_52661351,3,52661351,3.08104162574315e-07,0.267295597484277,318,NA,NA,0.130443651180594,-266452.141395969
Chr1_57349295,1,57349295,9.46517817102524e-07,0.166666666666667,318,NA,NA,0.369906589448077,-285091.365244872
Chr8_37430838,8,37430838,1.29910134194588e-06,0.0754716981132075,318,NA,NA,0.471434783282768,-407977.706083918
Chr10_137507300,10,137507300,1.88165384201221e-06,0.495283018867925,318,NA,NA,0.628017670316184,733958.333205339
Chr6_77429091,6,77429091,1.97781296514772e-06,0.039308176100629,318,NA,NA,0.628017670316184,547108.602530569
Chr5_17899891,5,17899891,2.59519277559794e-06,0.0440251572327044,318,NA,NA,0.775581299224171,-528790.318987906
Chr1_40083868,1,40083868,4.0422752823089e-06,0.242138364779874,318,NA,NA,1,257169.116690986
Chr9_113962021,9,113962021,4.33086651208967e-06,0.0314465408805031,318,NA,NA,1,574594.203733093
Chr6_115031959,6,115031959,4.49151489917807e-06,0.182389937106918,318,NA,NA,1,-276784.819084671
Chr2_233552873,2,233552873,4.88270318679991e-06,0.161949685534591,318,NA,NA,1,303416.466736055
Chr4_148038728,4,148038728,5.15240848199732e-06,0.0911949685534591,318,NA,NA,1,336493.844942042
Chr4_212918022,4,212918022,5.47562506214247e-06,0.0188679245283019,318,NA,NA,1,-439375.355519179
Chr2_5047501,2,5047501,5.66603594383355e-06,0.218553459119497,318,NA,NA,1,-273940.236620565
Chr9_38016849,9,38016849,5.80544107051331e-06,0.110062893081761,318,NA,NA,1,-331081.594563966
Chr4_147639695,4,147639695,6.05218024580944e-06,0.0361635220125786,318,NA,NA,1,-439192.366615296
Chr6_115046102,6,115046102,6.26551661694117e-06,0.183962264150943,318,NA,NA,1,281015.880589909
Chr4_82908389,4,82908389,6.66096732088559e-06,0.0817610062893082,318,NA,NA,1,-351792.533823255
Chr9_159218048,9,159218048,7.12870833612172e-06,0.0424528301886793,318,NA,NA,1,478719.571239542
Chr3_237146377,3,237146377,7.2720565538843e-06,0.493710691823899,318,NA,NA,1,-245055.621702324
Chr10_52477515,10,52477515,8.30537560535867e-06,0.0345911949685535,318,NA,NA,1,-534159.924307755
Chr8_3618708,8,3618708,8.55566359240387e-06,0.0676100628930818,318,NA,NA,1,389398.696277525
Chr2_202966102,2,202966102,8.55707197021828e-06,0.20125786163522,318,NA,NA,1,-238176.654023549
Chr2_6123501,2,6123501,8.59879940657121e-06,0.281446540880503,318,NA,NA,1,221369.349291567
Chr4_63730161,4,63730161,1.02195413501425e-05,0.0738993710691824,318,NA,NA,1,379424.382416401
Chr4_141162074,4,141162074,1.02950048605202e-05,0.0125786163522013,318,NA,NA,1,-696756.517696142
Chr4_148349918,4,148349918,1.03342908836287e-05,0.0770440251572327,318,NA,NA,1,-316061.709710982
Chr2_4520690,2,4520690,1.09774753666688e-05,0.482704402515723,318,NA,NA,1,-532572.861422118
Chr1_247044007,1,247044007,1.12550267805333e-05,0.155660377358491,318,NA,NA,1,297370.486617782
Chr2_728884,2,728884,1.12617655934572e-05,0.0220125786163522,318,NA,NA,1,-572141.866041161
Chr9_87988453,9,87988453,1.13583056761028e-05,0.0172955974842768,318,NA,NA,1,-765426.094907552
Chr8_132223207,8,132223207,1.1483304827013e-05,0.0455974842767296,318,NA,NA,1,455903.350893833
Chr4_113367802,4,113367802,1.15918745548328e-05,0.0723270440251572,318,NA,NA,1,379226.720531268
Chr3_237134639,3,237134639,1.16048511553425e-05,0.487421383647799,318,NA,NA,1,-211736.234469836
Chr1_91653255,1,91653255,1.20324666616799e-05,0.0345911949685535,318,NA,NA,1,503325.087924629
Chr6_114975065,6,114975065,1.26617004363254e-05,0.185534591194969,318,NA,NA,1,268775.424220294
Chr4_35515036,4,35515036,1.30685903519446e-05,0.306603773584906,318,NA,NA,1,275227.117414122
Chr6_115061417,6,115061417,1.32545305798685e-05,0.171383647798742,318,NA,NA,1,-286630.866141783
Chr5_85278669,5,85278669,1.34306151666729e-05,0.495283018867925,318,NA,NA,1,-1378811.50793537
Chr4_147817147,4,147817147,1.35458562785579e-05,0.194968553459119,318,NA,NA,1,242369.060493732
Chr2_9775580,2,9775580,1.50877878497203e-05,0.133647798742138,318,NA,NA,1,-192743.56282518
Chr9_54737376,9,54737376,1.56154752802097e-05,0.089622641509434,318,NA,NA,1,-308813.427011382
Chr2_2782990,2,2782990,1.57984743652944e-05,0.10062893081761,318,NA,NA,1,-267525.394167975
Chr7_145787269,7,145787269,1.59700553348611e-05,0.498427672955975,318,NA,NA,1,930489.293934926
Chr4_164935863,4,164935863,1.69323478288882e-05,0.0817610062893082,318,NA,NA,1,369600.449224518
Chr4_69484129,4,69484129,1.70528296381086e-05,0.0157232704402516,318,NA,NA,1,786072.418303858
Chr4_71025176,4,71025176,1.72208053604178e-05,0.251572327044025,318,NA,NA,1,263365.661966838
Chr3_31548070,3,31548070,1.73559528034344e-05,0.0408805031446541,318,NA,NA,1,-377006.191223398
Chr6_67977671,6,67977671,1.81605390913974e-05,0.20125786163522,318,NA,NA,1,-272211.975788126
Chr3_184853478,3,184853478,1.81984656954376e-05,0.485849056603774,318,NA,NA,1,-660741.711515099
Chr2_187091853,2,187091853,1.85641333894476e-05,0.15251572327044,318,NA,NA,1,266175.866302554
Chr5_217956618,5,217956618,1.89367677458962e-05,0.294025157232704,318,NA,NA,1,-260925.31347534
Chr4_125347141,4,125347141,1.94839417364434e-05,0.0440251572327044,318,NA,NA,1,377298.192686791
Chr3_236959547,3,236959547,2.02966080916054e-05,0.119496855345912,318,NA,NA,1,-296287.386493417
Chr2_79887501,2,79887501,2.0587563963133e-05,0.0330188679245284,318,NA,NA,1,-380414.681011193
Chr6_84182712,6,84182712,2.06367077877859e-05,0.0471698113207547,318,NA,NA,1,-475523.697926437
Chr6_155500065,6,155500065,2.1035159531236e-05,0.10062893081761,318,NA,NA,1,249477.949356208
Chr1_258922107,1,258922107,2.11741128009804e-05,0.147798742138365,318,NA,NA,1,-272110.225779701
Chr6_155421006,6,155421006,2.15540014567191e-05,0.0581761006289309,318,NA,NA,1,-322990.662178537
Chr5_12076499,5,12076499,2.17793009574532e-05,0.0283018867924528,318,NA,NA,1,553617.425201641
Chr8_162077118,8,162077118,2.18680578733575e-05,0.0518867924528302,318,NA,NA,1,401714.913560769
Chr2_4395195,2,4395195,2.19677523273732e-05,0.479559748427673,318,NA,NA,1,-628700.043582898
Chr5_9395635,5,9395635,2.24855121067169e-05,0.0849056603773585,318,NA,NA,1,345118.433462542
Chr2_6045748,2,6045748,2.28321079683121e-05,0.0959119496855346,318,NA,NA,1,-332179.464150553
Chr4_71476219,4,71476219,2.36153750955467e-05,0.0613207547169811,318,NA,NA,1,-416856.483403765
Chr4_9941151,4,9941151,2.37403781997001e-05,0.272012578616352,318,NA,NA,1,-228705.301496095
Chr4_61753234,4,61753234,2.46536501275266e-05,0.102201257861635,318,NA,NA,1,-325145.25652858
Chr6_161589876,6,161589876,2.58347381091617e-05,0.0487421383647799,318,NA,NA,1,358020.043761946
Chr5_207381705,5,207381705,2.59640232020038e-05,0.143081761006289,318,NA,NA,1,-225724.241984182
Chr3_141585454,3,141585454,2.66222102923774e-05,0.0660377358490566,318,NA,NA,1,-379941.007222679
Chr6_33062697,6,33062697,2.68053428112277e-05,0.191823899371069,318,NA,NA,1,226456.149276766
Chr2_1548150,2,1548150,2.71569092229614e-05,0.0172955974842767,318,NA,NA,1,-710140.720624443
Chr2_164094295,2,164094295,2.74763900674105e-05,0.10062893081761,318,NA,NA,1,318127.778396035
Chr6_145272231,6,145272231,2.76669003659692e-05,0.498427672955975,318,NA,NA,1,630548.338600177
Chr6_77756380,6,77756380,2.76869784754274e-05,0.0770440251572327,318,NA,NA,1,-293704.366231234
Chr8_73661771,8,73661771,2.80026750562012e-05,0.108490566037736,318,NA,NA,1,315023.664119867
Chr7_75982576,7,75982576,2.80626253466383e-05,0.49685534591195,318,NA,NA,1,391451.304407016
Chr7_134907063,7,134907063,2.85179947084244e-05,0.242138364779874,318,NA,NA,1,-247440.739800863
Chr1_112698912,1,112698912,2.91936536839438e-05,0.319182389937107,318,NA,NA,1,246067.92341964
Chr4_122178347,4,122178347,2.92662817184868e-05,0.0377358490566038,318,NA,NA,1,-474062.492746835
Chr6_169151381,6,169151381,2.95117406746213e-05,0.0550314465408805,318,NA,NA,1,375111.460350584
Chr8_1507510,8,1507510,3.0489271512495e-05,0.0440251572327044,318,NA,NA,1,-360393.16724075
Chr1_257254149,1,257254149,3.12157788439396e-05,0.124213836477987,318,NA,NA,1,287587.945889689
Chr4_161398435,4,161398435,3.13477355776562e-05,0.0676100628930818,318,NA,NA,1,369034.051023297
Chr7_73894893,7,73894893,3.15460618917482e-05,0.020440251572327,318,NA,NA,1,656468.245171631
Chr2_202814531,2,202814531,3.32003927464465e-05,0.172955974842767,318,NA,NA,1,-204030.55925747
Chr2_202559659,2,202559659,3.37923207231401e-05,0.485849056603774,318,NA,NA,1,753330.641629532
Chr1_91653242,1,91653242,3.46053794312598e-05,0.0251572327044025,318,NA,NA,1,537589.973592758
Chr4_42775910,4,42775910,3.48828662695169e-05,0.0345911949685535,318,NA,NA,1,501517.933471587
Chr2_67767855,2,67767855,3.49345551415086e-05,0.40251572327044,318,NA,NA,1,296012.650426973
